"influencers", 
"raquelreitx",
"mariapombo",
"itsemilyjames",
"elenarodriper",
"anainstyle",
"annapenello",
"isabelcamposr",
"inescaldo",
"lau_closet",
"mathilderodrigues_",
"ellamismamode",
"georgia.louise1",
"zara.outfits",
"sallyhildi",
"juliaguttenbrunn",
"sophiadorena",
"terriface",
"lauacedo",
"luciasar94",
"traffygirls",
"miamiamine",
"maryamou93",
"katherine_bondd",
"magdanikola",
"thanyaw",
"ladyaddict",
"victoria_fox0001",
"paulinenavy",
"celiafroman",
"yasmindevonport_",
"lulandco",
"ameliecheval31",
"dilara.kx",
"ohmyvogue",
"taliacupcake",
"outfitbook_",
"lisarosii",
"sasabylopez",
"tania.ayuso",
"angelina.lilienne",
"chloedenny_",
"ellieegar",
"omynewland",
"rocio0sorno",
"aicilas_rg",
"angelagutierrezp",
"rahaftheofficial",
"nadia.correiia",
"heytammi",
"farahlookbook",

